#,seed,score,hitRate,alg11,pal,scale,melodic
1,"n66n273a",0.417,"8%","1/12",0,"n/a","—"
2,"xaykdvpt",0.417,"8%","1/12",0,"n/a","—"
3,"3r343po1",0.417,"8%","1/12",0,"n/a","—"
4,"1gj670pw",0.417,"8%","1/12",0,"n/a","—"
5,"xxbitw84",0.417,"8%","1/12",0,"n/a","—"
6,"7x8ziivl",0.417,"8%","1/12",0,"n/a","—"
7,"wkjbkwak",0.417,"8%","1/12",0,"n/a","—"
8,"t2z8wfmy",0.417,"8%","1/12",0,"n/a","—"
9,"69pekwaj",0.417,"8%","1/12",0,"n/a","—"
10,"pftpkvmr",0.417,"8%","1/12",0,"n/a","—"
11,"z4zv4tbu",0.417,"8%","1/12",0,"n/a","—"
12,"gv39qn7y",0.417,"8%","1/12",0,"n/a","—"
13,"xo3lving",0.417,"8%","1/12",0,"n/a","—"
14,"yrrbgzko",0.417,"8%","1/12",0,"n/a","—"
15,"llkr1f24",0.417,"8%","1/12",0,"n/a","—"
16,"z64qgd4t",0.417,"8%","1/12",0,"n/a","—"
17,"z58lufff",0.417,"8%","1/12",0,"n/a","—"
18,"pbcvczky",0.417,"8%","1/12",0,"n/a","—"
19,"3frh6cit",0.417,"8%","1/12",0,"n/a","—"
20,"1tvj6e9d",0.417,"8%","1/12",0,"n/a","—"
21,"mcfef3cv",0.417,"8%","1/12",0,"n/a","—"
22,"juc2mujx",0.417,"8%","1/12",0,"n/a","—"
23,"u944pnf4",0.417,"8%","1/12",0,"n/a","—"
24,"chf2iuqj",0.417,"8%","1/12",0,"n/a","—"
25,"ghm3kzke",0.417,"8%","1/12",0,"n/a","—"
26,"zxixmcoh",0.417,"8%","1/12",0,"n/a","—"
27,"ctdo4hqy",0.417,"8%","1/12",0,"n/a","—"
28,"4qt0ii6e",0.417,"8%","1/12",0,"n/a","—"
29,"bcexmuba",0.417,"8%","1/12",0,"n/a","—"
30,"455wbjo0",0.417,"8%","1/12",0,"n/a","—"
31,"r3mk3g5u",0.417,"8%","1/12",0,"n/a","—"
32,"cqsdsfr0",0.417,"8%","1/12",0,"n/a","—"
33,"5b1zr8sr",0.417,"8%","1/12",0,"n/a","—"
34,"tbhv90vm",0.417,"8%","1/12",0,"n/a","—"
35,"6w37rccr",0.417,"8%","1/12",0,"n/a","—"
36,"piciigw6",0.417,"8%","1/12",0,"n/a","—"
37,"yvv4k8zd",0.417,"8%","1/12",0,"n/a","—"
38,"xnq1zjhf",0.417,"8%","1/12",0,"n/a","—"
39,"7zj8yd10",0.417,"8%","1/12",0,"n/a","—"
40,"roe4me8o",0.417,"8%","1/12",0,"n/a","—"
41,"fpbzq3uf",0.417,"8%","1/12",0,"n/a","—"
42,"vrxm1w2c",0.417,"8%","1/12",0,"n/a","—"
43,"rx28eull",0.417,"8%","1/12",0,"n/a","—"
44,"tck9q7x1",0.417,"8%","1/12",0,"n/a","—"
45,"kpurv5cn",0.417,"8%","1/12",0,"n/a","—"
46,"b52w5ahq",0.417,"8%","1/12",0,"n/a","—"
47,"a5ytd7uu",0.417,"8%","1/12",0,"n/a","—"
48,"44rr7d37",0.417,"8%","1/12",0,"n/a","—"
49,"3ylfv2lk",0.417,"8%","1/12",0,"n/a","—"
50,"m9khe15c",0.417,"8%","1/12",0,"n/a","—"
51,"ntnmdzyk",0.417,"8%","1/12",0,"n/a","—"
52,"b1ypx2su",0.417,"8%","1/12",0,"n/a","—"
53,"yuwbyftq",0.417,"8%","1/12",0,"n/a","—"
54,"f1aawnxv",0.417,"8%","1/12",0,"n/a","—"
55,"eo2k3din",0.417,"8%","1/12",0,"n/a","—"
56,"aimg3ysm",0.417,"8%","1/12",0,"n/a","—"
57,"ykz7x6ms",0.417,"8%","1/12",0,"n/a","—"
58,"p8sfo311",0.417,"8%","1/12",0,"n/a","—"
59,"8tlsy3r3",0.417,"8%","1/12",0,"n/a","—"
60,"lkvijbfj",0.417,"8%","1/12",0,"n/a","—"
61,"5z8z1k6i",0.417,"8%","1/12",0,"n/a","—"
62,"qph28aj3",0.417,"8%","1/12",0,"n/a","—"
63,"hut2ys42",0.417,"8%","1/12",0,"n/a","—"
64,"xz621f9q",0.417,"8%","1/12",0,"n/a","—"
65,"icgcmc1l",0.417,"8%","1/12",0,"n/a","—"
66,"n0ypkkml",0.417,"8%","1/12",0,"n/a","—"
67,"adt3910h",0.417,"8%","1/12",0,"n/a","—"
68,"ycdqx791",0.417,"8%","1/12",0,"n/a","—"
69,"7gkcykhn",0.417,"8%","1/12",0,"n/a","—"
70,"jcrfttpe",0.417,"8%","1/12",0,"n/a","—"
71,"xpinf0ue",0.417,"8%","1/12",0,"n/a","—"
72,"gqyw1us4",0.417,"8%","1/12",0,"n/a","—"
73,"wtruma9p",0.417,"8%","1/12",0,"n/a","—"
74,"0cwhsx7x",0.417,"8%","1/12",0,"n/a","—"
75,"1zll9i81",0.417,"8%","1/12",0,"n/a","—"
76,"lb5xv8i8",0.417,"8%","1/12",0,"n/a","—"
77,"1wkq2rzp",0.417,"8%","1/12",0,"n/a","—"
78,"hqgr1xru",0.417,"8%","1/12",0,"n/a","—"
79,"ckosrvjq",0.417,"8%","1/12",0,"n/a","—"
80,"dab43s5f",0.417,"8%","1/12",0,"n/a","—"
81,"yxa12pc9",0.417,"8%","1/12",0,"n/a","—"
82,"z56cuhwj",0.417,"8%","1/12",0,"n/a","—"
83,"xgj2wo3j",0.417,"8%","1/12",0,"n/a","—"
84,"2x065dkz",0.417,"8%","1/12",0,"n/a","—"
85,"k7xbzzde",0.417,"8%","1/12",0,"n/a","—"
86,"5ji7ps87",0.417,"8%","1/12",0,"n/a","—"
87,"elquamte",0.417,"8%","1/12",0,"n/a","—"
88,"wc8t08ed",0.417,"8%","1/12",0,"n/a","—"
89,"0xeo4oyg",0.417,"8%","1/12",0,"n/a","—"
90,"5iqwsizo",0.417,"8%","1/12",0,"n/a","—"
91,"wmurp8p7",0.417,"8%","1/12",0,"n/a","—"
92,"bup40jhb",0.417,"8%","1/12",0,"n/a","—"
93,"8pfzkkab",0.417,"8%","1/12",0,"n/a","—"
94,"vf0hbxlf",0.417,"8%","1/12",0,"n/a","—"
95,"m9u072z8",0.417,"8%","1/12",0,"n/a","—"
96,"l10j2cau",0.417,"8%","1/12",0,"n/a","—"
97,"s65vo4dd",0.417,"8%","1/12",0,"n/a","—"
98,"cpb1m130",0.417,"8%","1/12",0,"n/a","—"
99,"jk4xa61n",0.417,"8%","1/12",0,"n/a","—"
100,"5itdgmag",0.417,"8%","1/12",0,"n/a","—"
101,"y8xirlqs",0.417,"8%","1/12",0,"n/a","—"
102,"c8alf8eg",0.417,"8%","1/12",0,"n/a","—"
103,"ou535i3f",0.417,"8%","1/12",0,"n/a","—"
104,"pwdmk92q",0.417,"8%","1/12",0,"n/a","—"
105,"u89xac30",0.417,"8%","1/12",0,"n/a","—"
106,"ivt09elt",0.417,"8%","1/12",0,"n/a","—"
107,"16ocmhvo",0.417,"8%","1/12",0,"n/a","—"
108,"ixxukblj",0.417,"8%","1/12",0,"n/a","—"
109,"x61p5ycr",0.417,"8%","1/12",0,"n/a","—"
110,"280tr8h7",0.417,"8%","1/12",0,"n/a","—"
111,"0qruj93o",0.417,"8%","1/12",0,"n/a","—"
112,"7jjo7n2e",0.417,"8%","1/12",0,"n/a","—"
113,"f72dzs5v",0.417,"8%","1/12",0,"n/a","—"
114,"uh1rgccf",0.417,"8%","1/12",0,"n/a","—"
115,"dchlzsua",0.417,"8%","1/12",0,"n/a","—"
116,"v61ztxfm",0.417,"8%","1/12",0,"n/a","—"
117,"w1g1y4gp",0.417,"8%","1/12",0,"n/a","—"
118,"1mc065gf",0.417,"8%","1/12",0,"n/a","—"
119,"19dwkc76",0.417,"8%","1/12",0,"n/a","—"
120,"sjwozizd",0.417,"8%","1/12",0,"n/a","—"
121,"ttf1vld7",0.417,"8%","1/12",0,"n/a","—"
122,"2jt9zt5v",0.417,"8%","1/12",0,"n/a","—"
123,"sbofzq4z",0.417,"8%","1/12",0,"n/a","—"
124,"lx2jo0ir",0.417,"8%","1/12",0,"n/a","—"
125,"3p1aclk9",0.417,"8%","1/12",0,"n/a","—"
126,"x51rr8hk",0.417,"8%","1/12",0,"n/a","—"
127,"hdwxhug9",0.417,"8%","1/12",0,"n/a","—"
128,"22o2mljy",0.417,"8%","1/12",0,"n/a","—"
129,"auj8ui7x",0.417,"8%","1/12",0,"n/a","—"
130,"i17m7x9f",0.417,"8%","1/12",0,"n/a","—"
131,"j4rfcyzc",0.417,"8%","1/12",0,"n/a","—"
132,"r3fao6p2",0.417,"8%","1/12",0,"n/a","—"
133,"3e46av4b",0.417,"8%","1/12",0,"n/a","—"
134,"mri1wn0b",0.417,"8%","1/12",0,"n/a","—"
135,"fp19z5fj",0.417,"8%","1/12",0,"n/a","—"
136,"gkls1brj",0.417,"8%","1/12",0,"n/a","—"
137,"uyhssa0l",0.417,"8%","1/12",0,"n/a","—"
138,"l0lb0dpa",0.417,"8%","1/12",0,"n/a","—"
139,"hsmzn17i",0.417,"8%","1/12",0,"n/a","—"
140,"fyvfjbj1",0.417,"8%","1/12",0,"n/a","—"
141,"bxzlh5id",0.417,"8%","1/12",0,"n/a","—"
142,"as3nvr1a",0.417,"8%","1/12",0,"n/a","—"
143,"yp4xa5b0",0.417,"8%","1/12",0,"n/a","—"
144,"cztwtxjt",0.417,"8%","1/12",0,"n/a","—"
145,"usbpt8b8",0.417,"8%","1/12",0,"n/a","—"
146,"s0fhy59d",0.417,"8%","1/12",0,"n/a","—"
147,"xux96bfn",0.417,"8%","1/12",0,"n/a","—"
148,"0w4b26ly",0.417,"8%","1/12",0,"n/a","—"
149,"ytyso3n9",0.417,"8%","1/12",0,"n/a","—"
150,"xaoqx3qb",0.417,"8%","1/12",0,"n/a","—"
151,"ld977ewg",0.417,"8%","1/12",0,"n/a","—"
152,"s213svim",0.417,"8%","1/12",0,"n/a","—"
153,"wpwpk843",0.417,"8%","1/12",0,"n/a","—"
154,"id6tjamg",0.417,"8%","1/12",0,"n/a","—"
155,"b9pv40y7",0.417,"8%","1/12",0,"n/a","—"
156,"pu2t7wbt",0.417,"8%","1/12",0,"n/a","—"
157,"svuwb7j6",0.417,"8%","1/12",0,"n/a","—"
158,"40i1ny06",0.417,"8%","1/12",0,"n/a","—"
159,"q5znu560",0.417,"8%","1/12",0,"n/a","—"
160,"8ihgvfom",0.417,"8%","1/12",0,"n/a","—"
161,"0h4fd1rz",0.417,"8%","1/12",0,"n/a","—"
162,"rey14omv",0.417,"8%","1/12",0,"n/a","—"
163,"rmfxdml4",0.417,"8%","1/12",0,"n/a","—"
164,"k0q8it43",0.417,"8%","1/12",0,"n/a","—"
165,"tltuw9rb",0.417,"8%","1/12",0,"n/a","—"
166,"0ztkhb03",0.417,"8%","1/12",0,"n/a","—"
167,"i4frwuz0",0.417,"8%","1/12",0,"n/a","—"
168,"g22beqzc",0.417,"8%","1/12",0,"n/a","—"
169,"fcuc801z",0.417,"8%","1/12",0,"n/a","—"
170,"45o0gzl1",0.417,"8%","1/12",0,"n/a","—"
171,"gv59qm95",0.417,"8%","1/12",0,"n/a","—"
172,"qbabirc1",0.417,"8%","1/12",0,"n/a","—"
173,"9p0aaarc",0.417,"8%","1/12",0,"n/a","—"
174,"7w7k5pdd",0.417,"8%","1/12",0,"n/a","—"
175,"c2ea40fs",0.417,"8%","1/12",0,"n/a","—"
176,"2vlqrnwy",0.417,"8%","1/12",0,"n/a","—"
177,"xy1tbdf7",0.417,"8%","1/12",0,"n/a","—"
178,"yr20ncsy",0.417,"8%","1/12",0,"n/a","—"
179,"kq7pjd83",0.417,"8%","1/12",0,"n/a","—"
180,"fdafqjlb",0.417,"8%","1/12",0,"n/a","—"
181,"pe4881eu",0.417,"8%","1/12",0,"n/a","—"
182,"22rf5xwk",0.417,"8%","1/12",0,"n/a","—"
183,"rrd2do4f",0.417,"8%","1/12",0,"n/a","—"
184,"dkn7asn8",0.417,"8%","1/12",0,"n/a","—"
185,"vbuz2u8r",0.417,"8%","1/12",0,"n/a","—"
186,"nodvdjbg",0.417,"8%","1/12",0,"n/a","—"
187,"ewmhmsza",0.417,"8%","1/12",0,"n/a","—"
188,"4fvwnim0",0.417,"8%","1/12",0,"n/a","—"
189,"3t1d17i6",0.417,"8%","1/12",0,"n/a","—"
190,"3smyms6i",0.417,"8%","1/12",0,"n/a","—"
191,"o9r0j7ls",0.417,"8%","1/12",0,"n/a","—"
192,"y34kixoz",0.417,"8%","1/12",0,"n/a","—"
193,"fdawq9dh",0.417,"8%","1/12",0,"n/a","—"
194,"h03g5q0j",0.417,"8%","1/12",0,"n/a","—"
195,"becookjw",0.417,"8%","1/12",0,"n/a","—"
196,"s4lfuiys",0.417,"8%","1/12",0,"n/a","—"
197,"8ab5dfll",0.417,"8%","1/12",0,"n/a","—"
198,"839idcuh",0.417,"8%","1/12",0,"n/a","—"
199,"0ny3vge6",0.417,"8%","1/12",0,"n/a","—"
200,"ou0aznwj",0.417,"8%","1/12",0,"n/a","—"
201,"09u2lo1d",0.417,"8%","1/12",0,"n/a","—"
202,"v7ajzgsk",0.417,"8%","1/12",0,"n/a","—"
203,"qvdi44bu",0.417,"8%","1/12",0,"n/a","—"
204,"dh39t0gk",0.417,"8%","1/12",0,"n/a","—"
205,"iw10k1du",0.417,"8%","1/12",0,"n/a","—"
206,"2fcpug9j",0.417,"8%","1/12",0,"n/a","—"
207,"8o91l1ti",0.417,"8%","1/12",0,"n/a","—"
208,"m3f48alk",0.417,"8%","1/12",0,"n/a","—"
209,"2xtntobe",0.417,"8%","1/12",0,"n/a","—"
210,"39dmhi4i",0.417,"8%","1/12",0,"n/a","—"
211,"b2rsrbzs",0.417,"8%","1/12",0,"n/a","—"
212,"6pofgsj7",0.417,"8%","1/12",0,"n/a","—"
213,"qng3djmc",0.417,"8%","1/12",0,"n/a","—"
214,"9gowvxfc",0.417,"8%","1/12",0,"n/a","—"
215,"nz510n1g",0.417,"8%","1/12",0,"n/a","—"
216,"phovf3fc",0.417,"8%","1/12",0,"n/a","—"
217,"gs0yyq8n",0.417,"8%","1/12",0,"n/a","—"
218,"dkxi2z1q",0.417,"8%","1/12",0,"n/a","—"
219,"8rs4ues0",0.417,"8%","1/12",0,"n/a","—"
220,"e4ew53zj",0.417,"8%","1/12",0,"n/a","—"
221,"941ib5s1",0.417,"8%","1/12",0,"n/a","—"
222,"cx2fuwlt",0.417,"8%","1/12",0,"n/a","—"
223,"9vocpix4",0.417,"8%","1/12",0,"n/a","—"
224,"2134gpj3",0.417,"8%","1/12",0,"n/a","—"
225,"ok0riwid",0.417,"8%","1/12",0,"n/a","—"
226,"edfy0ktr",0.417,"8%","1/12",0,"n/a","—"
227,"lk4m0hcl",0.417,"8%","1/12",0,"n/a","—"
228,"yzaczm72",0.417,"8%","1/12",0,"n/a","—"
229,"00d7zyrh",0.417,"8%","1/12",0,"n/a","—"
230,"bw53tjso",0.417,"8%","1/12",0,"n/a","—"
231,"zzfsvgt9",0.417,"8%","1/12",0,"n/a","—"
232,"c7tu6qzq",0.417,"8%","1/12",0,"n/a","—"
233,"182rhnmz",0.417,"8%","1/12",0,"n/a","—"
234,"u9ar156o",0.417,"8%","1/12",0,"n/a","—"
235,"8jfmshmo",0.417,"8%","1/12",0,"n/a","—"
236,"30kbcr57",0.417,"8%","1/12",0,"n/a","—"
237,"apypwb97",0.417,"8%","1/12",0,"n/a","—"
238,"8x148uva",0.417,"8%","1/12",0,"n/a","—"
239,"2cizwjvh",0.417,"8%","1/12",0,"n/a","—"
240,"z8bjggnn",0.417,"8%","1/12",0,"n/a","—"
241,"tggnbgvm",0.417,"8%","1/12",0,"n/a","—"
242,"9fb1f8x4",0.417,"8%","1/12",0,"n/a","—"
243,"bh5i15vu",0.417,"8%","1/12",0,"n/a","—"
244,"fqgsywk4",0.417,"8%","1/12",0,"n/a","—"
245,"3y2ijyxe",0.417,"8%","1/12",0,"n/a","—"
246,"hwao95lm",0.417,"8%","1/12",0,"n/a","—"
247,"0ikw4pdr",0.417,"8%","1/12",0,"n/a","—"
248,"tyszl3qh",0.417,"8%","1/12",0,"n/a","—"
249,"e0pxkuqi",0.417,"8%","1/12",0,"n/a","—"
250,"5jxjzgss",0.417,"8%","1/12",0,"n/a","—"
251,"gd16od1o",0.417,"8%","1/12",0,"n/a","—"
252,"qc77tdys",0.417,"8%","1/12",0,"n/a","—"
253,"5cmwvl93",0.417,"8%","1/12",0,"n/a","—"
254,"3j9xtnde",0.417,"8%","1/12",0,"n/a","—"
255,"vun1qh7g",0.417,"8%","1/12",0,"n/a","—"
256,"fr1pc2gw",0.417,"8%","1/12",0,"n/a","—"
257,"qkowekf3",0.417,"8%","1/12",0,"n/a","—"
258,"q27piep3",0.417,"8%","1/12",0,"n/a","—"
259,"32f61t5u",0.417,"8%","1/12",0,"n/a","—"
260,"hd5simqm",0.417,"8%","1/12",0,"n/a","—"
261,"vo675kdm",0.417,"8%","1/12",0,"n/a","—"
262,"79aexkug",0.417,"8%","1/12",0,"n/a","—"
263,"m37q291u",0.417,"8%","1/12",0,"n/a","—"
264,"mncqvkrl",0.417,"8%","1/12",0,"n/a","—"
265,"xlrgsiiz",0.417,"8%","1/12",0,"n/a","—"
266,"wcvfwfl9",0.417,"8%","1/12",0,"n/a","—"
267,"4huj57w3",0.417,"8%","1/12",0,"n/a","—"
268,"b6e4men7",0.417,"8%","1/12",0,"n/a","—"
269,"bqykkeou",0.417,"8%","1/12",0,"n/a","—"
270,"fm37jn6p",0.417,"8%","1/12",0,"n/a","—"
271,"ujpxvjfl",0.417,"8%","1/12",0,"n/a","—"
272,"m61f3jnq",0.417,"8%","1/12",0,"n/a","—"
273,"p26dyiar",0.417,"8%","1/12",0,"n/a","—"
274,"mdfgjl8w",0.417,"8%","1/12",0,"n/a","—"
275,"mio229ha",0.417,"8%","1/12",0,"n/a","—"
276,"iv0xngao",0.417,"8%","1/12",0,"n/a","—"
277,"qpnc620u",0.417,"8%","1/12",0,"n/a","—"
278,"1nsbu8bt",0.417,"8%","1/12",0,"n/a","—"
279,"6nvtqdni",0.417,"8%","1/12",0,"n/a","—"
280,"3yufjbwe",0.417,"8%","1/12",0,"n/a","—"
281,"muwbpljh",0.417,"8%","1/12",0,"n/a","—"
282,"gjkkcq5i",0.417,"8%","1/12",0,"n/a","—"
283,"m1vgicu9",0.417,"8%","1/12",0,"n/a","—"
284,"iq2lgp6p",0.417,"8%","1/12",0,"n/a","—"
285,"6fdruh3h",0.417,"8%","1/12",0,"n/a","—"
286,"jepofviy",0.417,"8%","1/12",0,"n/a","—"
287,"5ci9yu8t",0.417,"8%","1/12",0,"n/a","—"
288,"ab5i3tce",0.417,"8%","1/12",0,"n/a","—"
289,"kjxi1i9w",0.417,"8%","1/12",0,"n/a","—"
290,"ws2amuj9",0.417,"8%","1/12",0,"n/a","—"
291,"a4vo9wo8",0.417,"8%","1/12",0,"n/a","—"
292,"jqrif0bm",0.417,"8%","1/12",0,"n/a","—"
293,"xbpnq1v9",0.417,"8%","1/12",0,"n/a","—"
294,"9h0yarep",0.417,"8%","1/12",0,"n/a","—"
295,"w89r6bqi",0.417,"8%","1/12",0,"n/a","—"
296,"lm4d5xxr",0.417,"8%","1/12",0,"n/a","—"
297,"h187qi4o",0.417,"8%","1/12",0,"n/a","—"
298,"4n28gr72",0.417,"8%","1/12",0,"n/a","—"
299,"kur9sef2",0.417,"8%","1/12",0,"n/a","—"
300,"m1z1g10u",0.417,"8%","1/12",0,"n/a","—"
301,"xqqy3z0u",0.417,"8%","1/12",0,"n/a","—"
302,"dy4symd1",0.417,"8%","1/12",0,"n/a","—"
303,"a5y4polo",0.417,"8%","1/12",0,"n/a","—"
304,"gx6dnqmo",0.417,"8%","1/12",0,"n/a","—"
305,"4e71sr17",0.417,"8%","1/12",0,"n/a","—"
306,"y7rdc4at",0.417,"8%","1/12",0,"n/a","—"
307,"p35ccf3l",0.417,"8%","1/12",0,"n/a","—"
308,"7b1qlg2q",0.417,"8%","1/12",0,"n/a","—"
309,"5tg6azl6",0.417,"8%","1/12",0,"n/a","—"
310,"q07z0uq8",0.417,"8%","1/12",0,"n/a","—"
311,"8nvacw15",0.417,"8%","1/12",0,"n/a","—"
312,"jcxsz3ip",0.417,"8%","1/12",0,"n/a","—"
313,"j1qn8yno",0.417,"8%","1/12",0,"n/a","—"
314,"g49tbf2e",0.417,"8%","1/12",0,"n/a","—"
315,"lde7qfop",0.417,"8%","1/12",0,"n/a","—"
316,"sdfrxj9u",0.417,"8%","1/12",0,"n/a","—"
317,"lbma6nf9",0.417,"8%","1/12",0,"n/a","—"
318,"6rz7at2j",0.417,"8%","1/12",0,"n/a","—"
319,"wg5ttaml",0.417,"8%","1/12",0,"n/a","—"
320,"04h3gxa3",0.417,"8%","1/12",0,"n/a","—"
321,"z43vf8hd",0.417,"8%","1/12",0,"n/a","—"
322,"3rgzki5d",0.417,"8%","1/12",0,"n/a","—"
323,"suisujw6",0.417,"8%","1/12",0,"n/a","—"
324,"vzqpnpan",0.417,"8%","1/12",0,"n/a","—"
325,"yshqhj4l",0.417,"8%","1/12",0,"n/a","—"
326,"32aaevab",0.417,"8%","1/12",0,"n/a","—"
327,"s2evfx51",0.417,"8%","1/12",0,"n/a","—"
328,"lb8g1aux",0.417,"8%","1/12",0,"n/a","—"
329,"u778bq74",0.417,"8%","1/12",0,"n/a","—"
330,"07a4hrb1",0.417,"8%","1/12",0,"n/a","—"
331,"1je12hmu",0.417,"8%","1/12",0,"n/a","—"
332,"zjv661qx",0.417,"8%","1/12",0,"n/a","—"
333,"ij8hwkw7",0.417,"8%","1/12",0,"n/a","—"
334,"nr9zuxew",0.417,"8%","1/12",0,"n/a","—"
335,"g6rnv3dg",0.417,"8%","1/12",0,"n/a","—"
336,"nmu4vkj6",0.417,"8%","1/12",0,"n/a","—"
337,"4zcxpgu4",0.417,"8%","1/12",0,"n/a","—"
338,"8bln82gt",0.417,"8%","1/12",0,"n/a","—"
339,"0a3t3xeo",0.417,"8%","1/12",0,"n/a","—"
340,"lfxj8g65",0.417,"8%","1/12",0,"n/a","—"
341,"vdf0vkus",0.417,"8%","1/12",0,"n/a","—"
342,"ffax5k0l",0.417,"8%","1/12",0,"n/a","—"
343,"8dt2vj9j",0.417,"8%","1/12",0,"n/a","—"
344,"ruhh0y6c",0.417,"8%","1/12",0,"n/a","—"
345,"l36wdni9",0.417,"8%","1/12",0,"n/a","—"
346,"sh9trq4t",0.417,"8%","1/12",0,"n/a","—"
347,"5672ze1c",0.417,"8%","1/12",0,"n/a","—"
348,"m6njtfjt",0.417,"8%","1/12",0,"n/a","—"
349,"oj5x3m5l",0.417,"8%","1/12",0,"n/a","—"
350,"4ohwacda",0.417,"8%","1/12",0,"n/a","—"
351,"6ri6rdqh",0.417,"8%","1/12",0,"n/a","—"
352,"c25figrt",0.417,"8%","1/12",0,"n/a","—"
353,"zc7asa5g",0.417,"8%","1/12",0,"n/a","—"
354,"f0lhk8eo",0.417,"8%","1/12",0,"n/a","—"
355,"9lkix66j",0.417,"8%","1/12",0,"n/a","—"
356,"qzp83loh",0.417,"8%","1/12",0,"n/a","—"
357,"6grdn7nq",0.417,"8%","1/12",0,"n/a","—"
358,"rsfqaefj",0.417,"8%","1/12",0,"n/a","—"
359,"1tag3c01",0.417,"8%","1/12",0,"n/a","—"
360,"px9oygvt",0.417,"8%","1/12",0,"n/a","—"
361,"smdiakrd",0.417,"8%","1/12",0,"n/a","—"
362,"wgihj6ow",0.417,"8%","1/12",0,"n/a","—"
363,"ypgtuvwp",0.417,"8%","1/12",0,"n/a","—"
364,"2wcti979",0.417,"8%","1/12",0,"n/a","—"
365,"3a9yho6b",0.417,"8%","1/12",0,"n/a","—"
366,"2x4go2i1",0.417,"8%","1/12",0,"n/a","—"
367,"u0jx8daa",0.417,"8%","1/12",0,"n/a","—"
368,"8ax59bf8",0.417,"8%","1/12",0,"n/a","—"
369,"1kmf9r3l",0.417,"8%","1/12",0,"n/a","—"
370,"s6q0h3ev",0.417,"8%","1/12",0,"n/a","—"
371,"a4s8mlu6",0.417,"8%","1/12",0,"n/a","—"
372,"9v5s59gc",0.417,"8%","1/12",0,"n/a","—"
373,"ogjwf95f",0.417,"8%","1/12",0,"n/a","—"
374,"zlyhwz79",0.417,"8%","1/12",0,"n/a","—"
375,"c3ysmypc",0.417,"8%","1/12",0,"n/a","—"
376,"l0xgqg89",0.417,"8%","1/12",0,"n/a","—"
377,"5pfqktl5",0.417,"8%","1/12",0,"n/a","—"
378,"awdskjfh",0.417,"8%","1/12",0,"n/a","—"
379,"bbkkfv3b",0.417,"8%","1/12",0,"n/a","—"
380,"np9uz6pc",0.417,"8%","1/12",0,"n/a","—"
381,"zev42qdv",0.417,"8%","1/12",0,"n/a","—"
382,"dq8fzotj",0.417,"8%","1/12",0,"n/a","—"
383,"sj4if1mo",0.417,"8%","1/12",0,"n/a","—"
384,"qt11wqwg",0.417,"8%","1/12",0,"n/a","—"
385,"fdarrf3n",0.417,"8%","1/12",0,"n/a","—"
386,"78gacflm",0.417,"8%","1/12",0,"n/a","—"
387,"g6hhczhg",0.417,"8%","1/12",0,"n/a","—"
388,"dsu198zn",0.417,"8%","1/12",0,"n/a","—"
389,"8zzno2sg",0.417,"8%","1/12",0,"n/a","—"
390,"t5yc1vak",0.417,"8%","1/12",0,"n/a","—"
391,"psz26kh4",0.417,"8%","1/12",0,"n/a","—"
392,"c4k3kcit",0.417,"8%","1/12",0,"n/a","—"
393,"8xiwplc8",0.417,"8%","1/12",0,"n/a","—"
394,"m237z5t9",0.417,"8%","1/12",0,"n/a","—"
395,"ki9w4jwo",0.417,"8%","1/12",0,"n/a","—"
396,"p0x4prlm",0.417,"8%","1/12",0,"n/a","—"
397,"z4bzigln",0.417,"8%","1/12",0,"n/a","—"
398,"c9oe9s0w",0.417,"8%","1/12",0,"n/a","—"
399,"3tc7io0e",0.417,"8%","1/12",0,"n/a","—"
400,"sjda2ble",0.417,"8%","1/12",0,"n/a","—"
401,"c7dwvqag",0.417,"8%","1/12",0,"n/a","—"
402,"p5n90km1",0.417,"8%","1/12",0,"n/a","—"
403,"9jqunp16",0.417,"8%","1/12",0,"n/a","—"
404,"pbr5ndzf",0.417,"8%","1/12",0,"n/a","—"
405,"x0a7q5v1",0.417,"8%","1/12",0,"n/a","—"
406,"gdox2naa",0.417,"8%","1/12",0,"n/a","—"
407,"taldyksw",0.417,"8%","1/12",0,"n/a","—"
408,"jadfy0ib",0.417,"8%","1/12",0,"n/a","—"
409,"6cdn9ryi",0.417,"8%","1/12",0,"n/a","—"
410,"8h1t4m2p",0.417,"8%","1/12",0,"n/a","—"
411,"pagriprd",0.417,"8%","1/12",0,"n/a","—"
412,"8c5ore82",0.417,"8%","1/12",0,"n/a","—"
413,"ig1bjx4e",0.417,"8%","1/12",0,"n/a","—"
414,"qoz2mqwl",0.417,"8%","1/12",0,"n/a","—"
415,"lz32murx",0.417,"8%","1/12",0,"n/a","—"
416,"a9itx5b0",0.417,"8%","1/12",0,"n/a","—"
417,"6umtkatv",0.417,"8%","1/12",0,"n/a","—"
418,"gmh93090",0.417,"8%","1/12",0,"n/a","—"
419,"ia11d3ev",0.417,"8%","1/12",0,"n/a","—"
420,"6tqnwkbb",0.417,"8%","1/12",0,"n/a","—"
421,"a6rnth1x",0.417,"8%","1/12",0,"n/a","—"
422,"onbd7zx0",0.417,"8%","1/12",0,"n/a","—"
423,"dkqx8o5h",0.417,"8%","1/12",0,"n/a","—"
424,"g01ss27q",0.417,"8%","1/12",0,"n/a","—"
425,"m7aqi3h6",0.417,"8%","1/12",0,"n/a","—"
426,"s4u9nfxl",0.417,"8%","1/12",0,"n/a","—"
427,"fjupltu5",0.417,"8%","1/12",0,"n/a","—"
428,"a48kur7a",0.417,"8%","1/12",0,"n/a","—"
429,"is6wklrf",0.417,"8%","1/12",0,"n/a","—"
430,"vnhusnev",0.417,"8%","1/12",0,"n/a","—"
431,"68llibez",0.417,"8%","1/12",0,"n/a","—"
432,"7lo7fdx8",0.417,"8%","1/12",0,"n/a","—"
433,"xd467poj",0.417,"8%","1/12",0,"n/a","—"
434,"4syrs6es",0.417,"8%","1/12",0,"n/a","—"
435,"6pey8fvp",0.417,"8%","1/12",0,"n/a","—"
436,"39x6ik4i",0.417,"8%","1/12",0,"n/a","—"
437,"yapjl6f3",0.417,"8%","1/12",0,"n/a","—"
438,"t0kqwj4g",0.417,"8%","1/12",0,"n/a","—"
439,"6lachlr0",0.417,"8%","1/12",0,"n/a","—"
440,"4n7pmx9u",0.417,"8%","1/12",0,"n/a","—"
441,"t4gkr683",0.417,"8%","1/12",0,"n/a","—"
442,"i5id4qu4",0.417,"8%","1/12",0,"n/a","—"
443,"9yadlboh",0.417,"8%","1/12",0,"n/a","—"
444,"l84s6k07",0.417,"8%","1/12",0,"n/a","—"
445,"kbq5zwuc",0.417,"8%","1/12",0,"n/a","—"
446,"j6m7ywm7",0.417,"8%","1/12",0,"n/a","—"
447,"2mubv2al",0.417,"8%","1/12",0,"n/a","—"
448,"q3sh2n1m",0.417,"8%","1/12",0,"n/a","—"
449,"w0098wvb",0.417,"8%","1/12",0,"n/a","—"
450,"5wew0u8v",0.417,"8%","1/12",0,"n/a","—"
451,"oz62il52",0.417,"8%","1/12",0,"n/a","—"
452,"vek0rbvp",0.417,"8%","1/12",0,"n/a","—"
453,"t52k86ry",0.417,"8%","1/12",0,"n/a","—"
454,"izzqhgxx",0.417,"8%","1/12",0,"n/a","—"
455,"6xdzrsjv",0.417,"8%","1/12",0,"n/a","—"
456,"sx1i07dw",0.417,"8%","1/12",0,"n/a","—"
457,"xndjr75f",0.417,"8%","1/12",0,"n/a","—"
458,"x8geitnk",0.417,"8%","1/12",0,"n/a","—"
459,"ad150w9z",0.417,"8%","1/12",0,"n/a","—"
460,"f2sq12vj",0.417,"8%","1/12",0,"n/a","—"
461,"8r7ixetd",0.417,"8%","1/12",0,"n/a","—"
462,"xbmsevmr",0.417,"8%","1/12",0,"n/a","—"
463,"q0kzeqp4",0.417,"8%","1/12",0,"n/a","—"
464,"rbzwie29",0.417,"8%","1/12",0,"n/a","—"
465,"zc5rjcid",0.417,"8%","1/12",0,"n/a","—"
466,"6rs36tl4",0.417,"8%","1/12",0,"n/a","—"
467,"qb0x9zgc",0.417,"8%","1/12",0,"n/a","—"
468,"8mrqjhlz",0.417,"8%","1/12",0,"n/a","—"
469,"rgqsp2n3",0.417,"8%","1/12",0,"n/a","—"
470,"2dq5atp3",0.417,"8%","1/12",0,"n/a","—"
471,"5tkrrxg5",0.417,"8%","1/12",0,"n/a","—"
472,"0sf1vece",0.417,"8%","1/12",0,"n/a","—"
473,"dr56jyfl",0.417,"8%","1/12",0,"n/a","—"
474,"kbrrbu2n",0.417,"8%","1/12",0,"n/a","—"
475,"sfr81i1p",0.417,"8%","1/12",0,"n/a","—"
476,"gydhjkye",0.417,"8%","1/12",0,"n/a","—"
477,"363vr6y9",0.417,"8%","1/12",0,"n/a","—"
478,"9lyaq3bq",0.417,"8%","1/12",0,"n/a","—"
479,"u5mhkbta",0.417,"8%","1/12",0,"n/a","—"
480,"5y6djao5",0.417,"8%","1/12",0,"n/a","—"
481,"wak0dv03",0.417,"8%","1/12",0,"n/a","—"
482,"gnwaopq2",0.417,"8%","1/12",0,"n/a","—"
483,"vr95ircn",0.417,"8%","1/12",0,"n/a","—"
484,"3lbp6eb3",0.417,"8%","1/12",0,"n/a","—"
485,"itxfbtlp",0.417,"8%","1/12",0,"n/a","—"
486,"eqo0ab9p",0.417,"8%","1/12",0,"n/a","—"
487,"feubz9mg",0.417,"8%","1/12",0,"n/a","—"
488,"dgbc3g3s",0.417,"8%","1/12",0,"n/a","—"
489,"pdxjszql",0.417,"8%","1/12",0,"n/a","—"
490,"tvax3mth",0.417,"8%","1/12",0,"n/a","—"
491,"8vvzu728",0.417,"8%","1/12",0,"n/a","—"
492,"5e8k1d2r",0.417,"8%","1/12",0,"n/a","—"
493,"yhqs9zkb",0.417,"8%","1/12",0,"n/a","—"
494,"ash67tta",0.417,"8%","1/12",0,"n/a","—"
495,"wtp7tkcv",0.417,"8%","1/12",0,"n/a","—"
496,"9ya6ms9t",0.417,"8%","1/12",0,"n/a","—"
497,"2six7lg1",0.417,"8%","1/12",0,"n/a","—"
498,"mkueeytt",0.417,"8%","1/12",0,"n/a","—"
499,"b6s2m87h",0.417,"8%","1/12",0,"n/a","—"
500,"iwcmylt2",0.417,"8%","1/12",0,"n/a","—"
501,"0f71qlm5",0.417,"8%","1/12",0,"n/a","—"
502,"057roq1t",0.417,"8%","1/12",0,"n/a","—"
503,"cci5g0vf",0.417,"8%","1/12",0,"n/a","—"
504,"h6o7pdfo",0.417,"8%","1/12",0,"n/a","—"
505,"7domvb7c",0.417,"8%","1/12",0,"n/a","—"
506,"oe5yulhy",0.417,"8%","1/12",0,"n/a","—"
507,"uf8y5uxk",0.417,"8%","1/12",0,"n/a","—"
508,"njgd7syd",0.417,"8%","1/12",0,"n/a","—"
509,"2xm3jww7",0.417,"8%","1/12",0,"n/a","—"
510,"bzslheni",0.417,"8%","1/12",0,"n/a","—"
511,"rm31yg63",0.417,"8%","1/12",0,"n/a","—"
512,"5rxek6xx",0.417,"8%","1/12",0,"n/a","—"
513,"y9nu9bcj",0.417,"8%","1/12",0,"n/a","—"
514,"w681j0qf",0.417,"8%","1/12",0,"n/a","—"
515,"7xbm4v76",0.417,"8%","1/12",0,"n/a","—"
516,"y7b1n3p6",0.417,"8%","1/12",0,"n/a","—"
517,"aox9wnsh",0.417,"8%","1/12",0,"n/a","—"
518,"haxpk5dp",0.417,"8%","1/12",0,"n/a","—"
519,"fmg419k6",0.417,"8%","1/12",0,"n/a","—"
520,"aumkw2cz",0.417,"8%","1/12",0,"n/a","—"
521,"zgjo2wm5",0.417,"8%","1/12",0,"n/a","—"
522,"gcjj6rw0",0.417,"8%","1/12",0,"n/a","—"
523,"onffm5fx",0.417,"8%","1/12",0,"n/a","—"
524,"wmxhs61q",0.417,"8%","1/12",0,"n/a","—"
525,"n53urj8t",0.417,"8%","1/12",0,"n/a","—"
526,"z3gr4w1q",0.417,"8%","1/12",0,"n/a","—"
527,"k08x787w",0.417,"8%","1/12",0,"n/a","—"
528,"c1giigy6",0.417,"8%","1/12",0,"n/a","—"
529,"3spco2ei",0.417,"8%","1/12",0,"n/a","—"
530,"q43pt6r4",0.417,"8%","1/12",0,"n/a","—"
531,"j53ptcun",0.417,"8%","1/12",0,"n/a","—"
532,"5ih1j250",0.417,"8%","1/12",0,"n/a","—"
533,"uc87k2bc",0.417,"8%","1/12",0,"n/a","—"
534,"8ni2hok2",0.417,"8%","1/12",0,"n/a","—"
535,"72verfjx",0.417,"8%","1/12",0,"n/a","—"
536,"f1m3cbz5",0.417,"8%","1/12",0,"n/a","—"
537,"4vdldjz0",0.417,"8%","1/12",0,"n/a","—"
538,"t0bhs9tp",0.417,"8%","1/12",0,"n/a","—"
539,"1ivfg4o9",0.417,"8%","1/12",0,"n/a","—"
540,"y8phq18y",0.417,"8%","1/12",0,"n/a","—"
541,"94jgtu6m",0.417,"8%","1/12",0,"n/a","—"
542,"ghz9meg7",0.417,"8%","1/12",0,"n/a","—"
543,"dtjr66hg",0.417,"8%","1/12",0,"n/a","—"
544,"7gzufseh",0.417,"8%","1/12",0,"n/a","—"
545,"5mf2675l",0.417,"8%","1/12",0,"n/a","—"
546,"b3vjkogc",0.417,"8%","1/12",0,"n/a","—"
547,"v9t9vjam",0.417,"8%","1/12",0,"n/a","—"
548,"9brxi5q3",0.417,"8%","1/12",0,"n/a","—"
549,"bfg9a6ih",0.417,"8%","1/12",0,"n/a","—"
550,"r0ufoa6k",0.417,"8%","1/12",0,"n/a","—"
551,"o1a80kqf",0.417,"8%","1/12",0,"n/a","—"
552,"ddf8ipgb",0.417,"8%","1/12",0,"n/a","—"
553,"hqpskfvf",0.417,"8%","1/12",0,"n/a","—"
554,"c3p51xtz",0.417,"8%","1/12",0,"n/a","—"
555,"n4dr40lk",0.417,"8%","1/12",0,"n/a","—"
556,"kn6t37kx",0.417,"8%","1/12",0,"n/a","—"
557,"hjrfrpp1",0.417,"8%","1/12",0,"n/a","—"
558,"y698zcew",0.417,"8%","1/12",0,"n/a","—"
559,"1ih5z3tt",0.417,"8%","1/12",0,"n/a","—"
560,"uiw5sjwy",0.417,"8%","1/12",0,"n/a","—"
561,"f04ntqdv",0.417,"8%","1/12",0,"n/a","—"
562,"h2du2jjf",0.417,"8%","1/12",0,"n/a","—"
563,"ys2yo7nm",0.417,"8%","1/12",0,"n/a","—"
564,"kidiywqi",0.417,"8%","1/12",0,"n/a","—"
565,"y1npoyv0",0.417,"8%","1/12",0,"n/a","—"
566,"025dgayt",0.417,"8%","1/12",0,"n/a","—"
567,"wlkix3w6",0.417,"8%","1/12",0,"n/a","—"
568,"62hyynjq",0.417,"8%","1/12",0,"n/a","—"
569,"ogwp6vey",0.417,"8%","1/12",0,"n/a","—"
570,"x6pgzq85",0.417,"8%","1/12",0,"n/a","—"
571,"2erbp0af",0.417,"8%","1/12",0,"n/a","—"
572,"j3dei84l",0.417,"8%","1/12",0,"n/a","—"
573,"rbao6a8y",0.417,"8%","1/12",0,"n/a","—"
574,"phu07zxw",0.417,"8%","1/12",0,"n/a","—"
575,"7212eywo",0.417,"8%","1/12",0,"n/a","—"
576,"pfbviqpv",0.417,"8%","1/12",0,"n/a","—"
577,"ehoox4i5",0.417,"8%","1/12",0,"n/a","—"
578,"9lbcirlq",0.417,"8%","1/12",0,"n/a","—"
579,"m4tgxu6x",0.417,"8%","1/12",0,"n/a","—"
580,"m9w0vw2l",0.417,"8%","1/12",0,"n/a","—"
581,"4wsnihdi",0.417,"8%","1/12",0,"n/a","—"
582,"9947aqil",0.417,"8%","1/12",0,"n/a","—"
583,"6u4teayg",0.417,"8%","1/12",0,"n/a","—"
584,"bsiyxjuo",0.417,"8%","1/12",0,"n/a","—"
585,"8uxxbf0l",0.417,"8%","1/12",0,"n/a","—"
586,"tviuj6w2",0.417,"8%","1/12",0,"n/a","—"
587,"f2mjihx0",0.417,"8%","1/12",0,"n/a","—"
588,"a8kdcboh",0.417,"8%","1/12",0,"n/a","—"
589,"u8godnuc",0.417,"8%","1/12",0,"n/a","—"
590,"j53omzeh",0.417,"8%","1/12",0,"n/a","—"
591,"75sbgqdr",0.417,"8%","1/12",0,"n/a","—"
592,"pkefvg0d",0.417,"8%","1/12",0,"n/a","—"
593,"zwxos0yf",0.417,"8%","1/12",0,"n/a","—"
594,"f1u1738b",0.417,"8%","1/12",0,"n/a","—"
595,"gi0npgo4",0.417,"8%","1/12",0,"n/a","—"
596,"g4qab5j5",0.417,"8%","1/12",0,"n/a","—"
597,"feh83l7n",0.417,"8%","1/12",0,"n/a","—"
598,"yrosgtti",0.417,"8%","1/12",0,"n/a","—"
599,"tr46fy3b",0.417,"8%","1/12",0,"n/a","—"
600,"exauqszc",0.417,"8%","1/12",0,"n/a","—"
601,"lxptpwtp",0.417,"8%","1/12",0,"n/a","—"
602,"mrptqq1b",0.417,"8%","1/12",0,"n/a","—"
603,"3uk2q3qa",0.417,"8%","1/12",0,"n/a","—"
604,"zmprtvon",0.417,"8%","1/12",0,"n/a","—"
605,"tie6z3tm",0.417,"8%","1/12",0,"n/a","—"
606,"2rw7u4sb",0.417,"8%","1/12",0,"n/a","—"
607,"26qkjjbc",0.417,"8%","1/12",0,"n/a","—"
608,"j574knhz",0.417,"8%","1/12",0,"n/a","—"
609,"zxcj0nrj",0.417,"8%","1/12",0,"n/a","—"
610,"5z8liby9",0.417,"8%","1/12",0,"n/a","—"
611,"jf7bqz16",0.417,"8%","1/12",0,"n/a","—"
612,"henuomv3",0.417,"8%","1/12",0,"n/a","—"
613,"bd2z5t81",0.417,"8%","1/12",0,"n/a","—"
614,"6h8mih29",0.417,"8%","1/12",0,"n/a","—"
615,"uvvf53ys",0.417,"8%","1/12",0,"n/a","—"
616,"ybmuwenf",0.417,"8%","1/12",0,"n/a","—"
617,"i2lfz9vz",0.417,"8%","1/12",0,"n/a","—"
618,"z0v1appw",0.417,"8%","1/12",0,"n/a","—"
619,"yxid7v34",0.417,"8%","1/12",0,"n/a","—"
620,"hs23augy",0.417,"8%","1/12",0,"n/a","—"
621,"2151z9ce",0.417,"8%","1/12",0,"n/a","—"
622,"206uu0m1",0.417,"8%","1/12",0,"n/a","—"
623,"mu3yxqmn",0.417,"8%","1/12",0,"n/a","—"
624,"by90layk",0.417,"8%","1/12",0,"n/a","—"
625,"mq4f70bc",0.417,"8%","1/12",0,"n/a","—"
626,"ctsrt361",0.417,"8%","1/12",0,"n/a","—"
627,"ue83mj2p",0.417,"8%","1/12",0,"n/a","—"
628,"mg15dxaz",0.417,"8%","1/12",0,"n/a","—"
629,"m5on11uk",0.417,"8%","1/12",0,"n/a","—"
630,"refjj03n",0.417,"8%","1/12",0,"n/a","—"
631,"ow8e9mjp",0.417,"8%","1/12",0,"n/a","—"
632,"z0m4zisg",0.417,"8%","1/12",0,"n/a","—"
633,"rydu62jj",0.417,"8%","1/12",0,"n/a","—"
634,"wgapceo5",0.417,"8%","1/12",0,"n/a","—"
635,"mjkbodco",0.417,"8%","1/12",0,"n/a","—"
636,"gh91fc8l",0.417,"8%","1/12",0,"n/a","—"
637,"qe61ptai",0.417,"8%","1/12",0,"n/a","—"
638,"wvdei6b9",0.417,"8%","1/12",0,"n/a","—"
639,"nj2933d3",0.417,"8%","1/12",0,"n/a","—"
640,"sa6stsc9",0.417,"8%","1/12",0,"n/a","—"
641,"7nyuvgwb",0.417,"8%","1/12",0,"n/a","—"
642,"w1axwthd",0.417,"8%","1/12",0,"n/a","—"
643,"9j248s4a",0.417,"8%","1/12",0,"n/a","—"
644,"p57vdntn",0.417,"8%","1/12",0,"n/a","—"
645,"0aepdeui",0.417,"8%","1/12",0,"n/a","—"
646,"rmjawsws",0.417,"8%","1/12",0,"n/a","—"
647,"hx6u1w9u",0.417,"8%","1/12",0,"n/a","—"
648,"b5xwz8vt",0.417,"8%","1/12",0,"n/a","—"
649,"ver5ukss",0.417,"8%","1/12",0,"n/a","—"
650,"xz7afbog",0.417,"8%","1/12",0,"n/a","—"
651,"z5n5oikh",0.417,"8%","1/12",0,"n/a","—"
652,"3rgxjpdy",0.417,"8%","1/12",0,"n/a","—"
653,"ej1mrnke",0.417,"8%","1/12",0,"n/a","—"
654,"e4oy791p",0.417,"8%","1/12",0,"n/a","—"
655,"czrblvf5",0.417,"8%","1/12",0,"n/a","—"
656,"0y42hcqx",0.417,"8%","1/12",0,"n/a","—"
657,"c72mxflh",0.417,"8%","1/12",0,"n/a","—"
658,"ya58fpxa",0.417,"8%","1/12",0,"n/a","—"
659,"6iiy05k2",0.417,"8%","1/12",0,"n/a","—"
660,"hpj9fncm",0.417,"8%","1/12",0,"n/a","—"
661,"e70lx5ig",0.417,"8%","1/12",0,"n/a","—"
662,"dql18qx2",0.417,"8%","1/12",0,"n/a","—"
663,"twysw1or",0.417,"8%","1/12",0,"n/a","—"
664,"48vk71t5",0.417,"8%","1/12",0,"n/a","—"
665,"owdjh99f",0.417,"8%","1/12",0,"n/a","—"
666,"jgwhmrjm",0.417,"8%","1/12",0,"n/a","—"
667,"6ifxz39c",0.417,"8%","1/12",0,"n/a","—"
668,"ffep31ak",0.417,"8%","1/12",0,"n/a","—"
669,"wstwggm2",0.417,"8%","1/12",0,"n/a","—"
670,"zvaeds0d",0.417,"8%","1/12",0,"n/a","—"
671,"2mvictlw",0.417,"8%","1/12",0,"n/a","—"
672,"28zqng5b",0.417,"8%","1/12",0,"n/a","—"
673,"ml9s1b24",0.417,"8%","1/12",0,"n/a","—"
674,"zi78n7ks",0.417,"8%","1/12",0,"n/a","—"
675,"hlw0o07v",0.417,"8%","1/12",0,"n/a","—"
676,"pnpjzjku",0.417,"8%","1/12",0,"n/a","—"
677,"ruw9fbdg",0.417,"8%","1/12",0,"n/a","—"
678,"aqpr925w",0.417,"8%","1/12",0,"n/a","—"
679,"c0xpu2i5",0.417,"8%","1/12",0,"n/a","—"
680,"hrcje5j0",0.417,"8%","1/12",0,"n/a","—"
681,"oprpxurm",0.417,"8%","1/12",0,"n/a","—"
682,"8pux4nix",0.417,"8%","1/12",0,"n/a","—"
683,"9e3abw0g",0.417,"8%","1/12",0,"n/a","—"
684,"u4zdn3df",0.417,"8%","1/12",0,"n/a","—"
685,"tn95ght4",0.417,"8%","1/12",0,"n/a","—"
686,"sq2kuxo0",0.417,"8%","1/12",0,"n/a","—"
687,"clz67gc5",0.417,"8%","1/12",0,"n/a","—"
688,"bix6iqei",0.417,"8%","1/12",0,"n/a","—"
689,"t25tonjm",0.417,"8%","1/12",0,"n/a","—"
690,"8j03nvlx",0.417,"8%","1/12",0,"n/a","—"
691,"8objzt7y",0.417,"8%","1/12",0,"n/a","—"
692,"zgphuvze",0.417,"8%","1/12",0,"n/a","—"
693,"l5ote6c5",0.417,"8%","1/12",0,"n/a","—"
694,"khyvsxpv",0.417,"8%","1/12",0,"n/a","—"
695,"x8i3p1cz",0.417,"8%","1/12",0,"n/a","—"
696,"79a3zmca",0.417,"8%","1/12",0,"n/a","—"
697,"x40qf6ty",0.417,"8%","1/12",0,"n/a","—"
698,"gry6iha1",0.417,"8%","1/12",0,"n/a","—"
699,"qtkqcrjz",0.417,"8%","1/12",0,"n/a","—"
700,"g55yt83u",0.417,"8%","1/12",0,"n/a","—"
701,"znxu6oy7",0.417,"8%","1/12",0,"n/a","—"
702,"8l3jm1cz",0.417,"8%","1/12",0,"n/a","—"
703,"2wpg3h3b",0.417,"8%","1/12",0,"n/a","—"
704,"q9e1n44x",0.417,"8%","1/12",0,"n/a","—"
705,"5mouj54e",0.417,"8%","1/12",0,"n/a","—"
706,"7bvssjnl",0.417,"8%","1/12",0,"n/a","—"
707,"1444793b",0.417,"8%","1/12",0,"n/a","—"
708,"x8ay6i63",0.417,"8%","1/12",0,"n/a","—"
709,"i9e3loat",0.417,"8%","1/12",0,"n/a","—"
710,"iem2wr7h",0.417,"8%","1/12",0,"n/a","—"
711,"vz0bh91n",0.417,"8%","1/12",0,"n/a","—"
712,"zwum0t9r",0.417,"8%","1/12",0,"n/a","—"
713,"iekhwasb",0.417,"8%","1/12",0,"n/a","—"
714,"tc2khhv0",0.417,"8%","1/12",0,"n/a","—"
715,"bg43ignb",0.417,"8%","1/12",0,"n/a","—"
716,"ez4vkor5",0.417,"8%","1/12",0,"n/a","—"
717,"56ri0lyp",0.417,"8%","1/12",0,"n/a","—"
718,"o7e41v6h",0.417,"8%","1/12",0,"n/a","—"
719,"zseiejqr",0.417,"8%","1/12",0,"n/a","—"
720,"oax3a04e",0.417,"8%","1/12",0,"n/a","—"
721,"c0urno5p",0.417,"8%","1/12",0,"n/a","—"
722,"0u5v70xi",0.417,"8%","1/12",0,"n/a","—"
723,"lq9qz44p",0.417,"8%","1/12",0,"n/a","—"
724,"hwmmlf2i",0.417,"8%","1/12",0,"n/a","—"
725,"iyp36znf",0.417,"8%","1/12",0,"n/a","—"
726,"wl0upu4w",0.417,"8%","1/12",0,"n/a","—"
727,"hecy8mcg",0.417,"8%","1/12",0,"n/a","—"
728,"85j82701",0.417,"8%","1/12",0,"n/a","—"
729,"xo4vybu9",0.417,"8%","1/12",0,"n/a","—"
730,"ay5vlmgw",0.417,"8%","1/12",0,"n/a","—"
731,"bbg73ztl",0.417,"8%","1/12",0,"n/a","—"
732,"r7bip4co",0.417,"8%","1/12",0,"n/a","—"
733,"b3va68y6",0.417,"8%","1/12",0,"n/a","—"
734,"jcy5ih6i",0.417,"8%","1/12",0,"n/a","—"
735,"9rcomyjr",0.417,"8%","1/12",0,"n/a","—"
736,"1k68zkd0",0.417,"8%","1/12",0,"n/a","—"
737,"16jozbfc",0.417,"8%","1/12",0,"n/a","—"
738,"1byyu649",0.417,"8%","1/12",0,"n/a","—"
739,"kxkb5p2r",0.417,"8%","1/12",0,"n/a","—"
740,"g7bvgotw",0.417,"8%","1/12",0,"n/a","—"
741,"lmq7hg81",0.417,"8%","1/12",0,"n/a","—"
742,"m6v01kbw",0.417,"8%","1/12",0,"n/a","—"
743,"gz78ruzx",0.417,"8%","1/12",0,"n/a","—"
744,"7bdb6hwg",0.417,"8%","1/12",0,"n/a","—"
745,"erglsh4n",0.417,"8%","1/12",0,"n/a","—"
746,"ucrm2mci",0.417,"8%","1/12",0,"n/a","—"
747,"akh4j7rs",0.417,"8%","1/12",0,"n/a","—"
748,"6ac8n1y4",0.417,"8%","1/12",0,"n/a","—"
749,"86uvy4ip",0.417,"8%","1/12",0,"n/a","—"
750,"k6im32ak",0.417,"8%","1/12",0,"n/a","—"
751,"hzcrbfyc",0.417,"8%","1/12",0,"n/a","—"
752,"td37ccl3",0.417,"8%","1/12",0,"n/a","—"
753,"3qhnq3rh",0.417,"8%","1/12",0,"n/a","—"
754,"lt6iux12",0.417,"8%","1/12",0,"n/a","—"
755,"979g4oca",0.417,"8%","1/12",0,"n/a","—"
756,"2i4ynzp2",0.417,"8%","1/12",0,"n/a","—"
757,"mecmfzx1",0.417,"8%","1/12",0,"n/a","—"
758,"0jya1aw6",0.417,"8%","1/12",0,"n/a","—"
759,"ij7874fg",0.417,"8%","1/12",0,"n/a","—"
760,"5c6k6gdo",0.417,"8%","1/12",0,"n/a","—"
761,"11r58dd1",0.417,"8%","1/12",0,"n/a","—"
762,"ayoxyntj",0.417,"8%","1/12",0,"n/a","—"
763,"3bn287r7",0.417,"8%","1/12",0,"n/a","—"
764,"qzbhrl77",0.417,"8%","1/12",0,"n/a","—"
765,"1bmsp55t",0.417,"8%","1/12",0,"n/a","—"
766,"qiqla9uo",0.417,"8%","1/12",0,"n/a","—"
767,"bt67ahk3",0.417,"8%","1/12",0,"n/a","—"
768,"wsintq4s",0.417,"8%","1/12",0,"n/a","—"
769,"zs6moteg",0.417,"8%","1/12",0,"n/a","—"
770,"dbo8v456",0.417,"8%","1/12",0,"n/a","—"
771,"cd6l0g3o",0.417,"8%","1/12",0,"n/a","—"
772,"eeszq3kz",0.417,"8%","1/12",0,"n/a","—"
773,"c629xnnk",0.417,"8%","1/12",0,"n/a","—"
774,"x6vl3kbt",0.417,"8%","1/12",0,"n/a","—"
775,"3ex91x9n",0.417,"8%","1/12",0,"n/a","—"
776,"9r8365p5",0.417,"8%","1/12",0,"n/a","—"
777,"2nbakq0h",0.417,"8%","1/12",0,"n/a","—"
778,"kwyuhk3f",0.417,"8%","1/12",0,"n/a","—"
779,"te6wtbyf",0.417,"8%","1/12",0,"n/a","—"
780,"da246pzt",0.417,"8%","1/12",0,"n/a","—"
781,"ad88fz6k",0.417,"8%","1/12",0,"n/a","—"
782,"plg4183c",0.417,"8%","1/12",0,"n/a","—"
783,"iiqxf1ir",0.417,"8%","1/12",0,"n/a","—"
784,"z8k9y4wt",0.417,"8%","1/12",0,"n/a","—"
785,"eguyrf4k",0.417,"8%","1/12",0,"n/a","—"
786,"cvssg83w",0.417,"8%","1/12",0,"n/a","—"
787,"ek24p5vb",0.417,"8%","1/12",0,"n/a","—"
788,"df8yrxkh",0.417,"8%","1/12",0,"n/a","—"
789,"hu577bij",0.417,"8%","1/12",0,"n/a","—"
790,"z2pkpywq",0.417,"8%","1/12",0,"n/a","—"
791,"3osc5ir3",0.417,"8%","1/12",0,"n/a","—"
792,"4ykutrta",0.417,"8%","1/12",0,"n/a","—"
793,"6bb8d0fl",0.417,"8%","1/12",0,"n/a","—"
794,"8z70a89g",0.417,"8%","1/12",0,"n/a","—"
795,"k50ss0bn",0.417,"8%","1/12",0,"n/a","—"
796,"tda55bxl",0.417,"8%","1/12",0,"n/a","—"
797,"dssjt3c4",0.417,"8%","1/12",0,"n/a","—"
798,"kbbf8miy",0.417,"8%","1/12",0,"n/a","—"
799,"umogrhum",0.417,"8%","1/12",0,"n/a","—"
800,"yf0uoc3t",0.417,"8%","1/12",0,"n/a","—"
801,"b10nezlt",0.417,"8%","1/12",0,"n/a","—"
802,"x1hzo8bu",0.417,"8%","1/12",0,"n/a","—"
803,"umbau5v8",0.417,"8%","1/12",0,"n/a","—"
804,"1vw4571d",0.417,"8%","1/12",0,"n/a","—"
805,"jy0yjjjg",0.417,"8%","1/12",0,"n/a","—"
806,"v48vl6cr",0.417,"8%","1/12",0,"n/a","—"
807,"h79bqkvz",0.417,"8%","1/12",0,"n/a","—"
808,"e97ljtwx",0.417,"8%","1/12",0,"n/a","—"
809,"xoq67weu",0.417,"8%","1/12",0,"n/a","—"
810,"srs06f3n",0.417,"8%","1/12",0,"n/a","—"
811,"q3c61c3h",0.417,"8%","1/12",0,"n/a","—"
812,"x2ctt8wd",0.417,"8%","1/12",0,"n/a","—"
813,"szosfx9t",0.417,"8%","1/12",0,"n/a","—"
814,"5earwgsx",0.417,"8%","1/12",0,"n/a","—"
815,"65n8cbhs",0.417,"8%","1/12",0,"n/a","—"
816,"hhjr2z66",0.417,"8%","1/12",0,"n/a","—"
817,"s1ez46bp",0.417,"8%","1/12",0,"n/a","—"
818,"ix1pp4l2",0.417,"8%","1/12",0,"n/a","—"
819,"gfe8ncpc",0.417,"8%","1/12",0,"n/a","—"
820,"0cjwhhqi",0.417,"8%","1/12",0,"n/a","—"
821,"yyfl1vzm",0.417,"8%","1/12",0,"n/a","—"
822,"0xnw887j",0.417,"8%","1/12",0,"n/a","—"
823,"o0b6k1vn",0.417,"8%","1/12",0,"n/a","—"
824,"satzlj3v",0.417,"8%","1/12",0,"n/a","—"
825,"l3e1nfy0",0.417,"8%","1/12",0,"n/a","—"
826,"kifjd7ep",0.417,"8%","1/12",0,"n/a","—"
827,"4zndnz1l",0.417,"8%","1/12",0,"n/a","—"
828,"jgdfzc9z",0.417,"8%","1/12",0,"n/a","—"
829,"x2l8qff9",0.417,"8%","1/12",0,"n/a","—"
830,"lb59mj1w",0.417,"8%","1/12",0,"n/a","—"
831,"u064aeco",0.417,"8%","1/12",0,"n/a","—"
832,"9fztmsl1",0.417,"8%","1/12",0,"n/a","—"
833,"ic33nnrg",0.417,"8%","1/12",0,"n/a","—"
834,"p17i64cr",0.417,"8%","1/12",0,"n/a","—"
835,"covup4qc",0.417,"8%","1/12",0,"n/a","—"
836,"da7llnqn",0.417,"8%","1/12",0,"n/a","—"
837,"g80ybqfe",0.417,"8%","1/12",0,"n/a","—"
838,"zgc2y1j5",0.417,"8%","1/12",0,"n/a","—"
839,"ngokejy3",0.417,"8%","1/12",0,"n/a","—"
840,"gy06u24r",0.417,"8%","1/12",0,"n/a","—"
841,"ducyztkc",0.417,"8%","1/12",0,"n/a","—"
842,"j0lgg5gk",0.417,"8%","1/12",0,"n/a","—"
843,"szlioa3l",0.417,"8%","1/12",0,"n/a","—"
844,"svnjms2j",0.417,"8%","1/12",0,"n/a","—"
845,"rs1mnusa",0.417,"8%","1/12",0,"n/a","—"
846,"puvfkgf5",0.417,"8%","1/12",0,"n/a","—"
847,"q4t6pjv8",0.417,"8%","1/12",0,"n/a","—"
848,"kk9b521m",0.417,"8%","1/12",0,"n/a","—"
849,"7qwe97o4",0.417,"8%","1/12",0,"n/a","—"
850,"le3kl832",0.417,"8%","1/12",0,"n/a","—"
851,"1tu04wsc",0.417,"8%","1/12",0,"n/a","—"
852,"0j549p3w",0.417,"8%","1/12",0,"n/a","—"
853,"dghl5cbj",0.417,"8%","1/12",0,"n/a","—"
854,"s72xm7cj",0.417,"8%","1/12",0,"n/a","—"
855,"wg3fkzj3",0.417,"8%","1/12",0,"n/a","—"
856,"upyw0tjp",0.417,"8%","1/12",0,"n/a","—"
857,"pu7t336u",0.417,"8%","1/12",0,"n/a","—"
858,"17bic6re",0.417,"8%","1/12",0,"n/a","—"
859,"vm1lhfwa",0.417,"8%","1/12",0,"n/a","—"
860,"sa5yn8m9",0.417,"8%","1/12",0,"n/a","—"
861,"vvbra4cz",0.417,"8%","1/12",0,"n/a","—"
862,"iva3uaok",0.417,"8%","1/12",0,"n/a","—"
863,"ej0o9666",0.417,"8%","1/12",0,"n/a","—"
864,"xhwsaua8",0.417,"8%","1/12",0,"n/a","—"
865,"lvd3lzkw",0.417,"8%","1/12",0,"n/a","—"
866,"cykd480j",0.417,"8%","1/12",0,"n/a","—"
867,"a881w9jf",0.417,"8%","1/12",0,"n/a","—"
868,"t193val1",0.417,"8%","1/12",0,"n/a","—"
869,"ruqddken",0.417,"8%","1/12",0,"n/a","—"
870,"c2dwdc33",0.417,"8%","1/12",0,"n/a","—"
871,"f5xi64w3",0.417,"8%","1/12",0,"n/a","—"
872,"x3t35hzd",0.417,"8%","1/12",0,"n/a","—"
873,"7cqc3icf",0.417,"8%","1/12",0,"n/a","—"
874,"a8uo32ay",0.417,"8%","1/12",0,"n/a","—"
875,"z9ek9rhd",0.417,"8%","1/12",0,"n/a","—"
876,"kww9isqi",0.417,"8%","1/12",0,"n/a","—"
877,"gyqegbmb",0.417,"8%","1/12",0,"n/a","—"
878,"eestfp0b",0.417,"8%","1/12",0,"n/a","—"
879,"qm8o5d51",0.417,"8%","1/12",0,"n/a","—"
880,"4zmgo7en",0.417,"8%","1/12",0,"n/a","—"
881,"lvoclyt4",0.417,"8%","1/12",0,"n/a","—"
882,"7nrmxjuf",0.417,"8%","1/12",0,"n/a","—"
883,"4wrxhyvk",0.417,"8%","1/12",0,"n/a","—"
884,"q9esiww1",0.417,"8%","1/12",0,"n/a","—"
885,"odg68asn",0.417,"8%","1/12",0,"n/a","—"
886,"1sbod2ly",0.417,"8%","1/12",0,"n/a","—"
887,"onegzmvx",0.417,"8%","1/12",0,"n/a","—"
888,"fyv6hjb6",0.417,"8%","1/12",0,"n/a","—"
889,"g4060jjd",0.417,"8%","1/12",0,"n/a","—"
890,"4meh41sq",0.417,"8%","1/12",0,"n/a","—"
891,"o58sxxnp",0.417,"8%","1/12",0,"n/a","—"
892,"915rupaw",0.417,"8%","1/12",0,"n/a","—"
893,"n03pe6jw",0.417,"8%","1/12",0,"n/a","—"
894,"7qe64dri",0.417,"8%","1/12",0,"n/a","—"
895,"nmeuq15r",0.417,"8%","1/12",0,"n/a","—"
896,"8xrbucx8",0.417,"8%","1/12",0,"n/a","—"
897,"4akdohld",0.417,"8%","1/12",0,"n/a","—"
898,"e0gsocb9",0.417,"8%","1/12",0,"n/a","—"
899,"9zesjqc5",0.417,"8%","1/12",0,"n/a","—"
900,"c83u93kn",0.417,"8%","1/12",0,"n/a","—"
901,"08p3u9xl",0.417,"8%","1/12",0,"n/a","—"
902,"9pkfv1ej",0.417,"8%","1/12",0,"n/a","—"
903,"0b3v4q20",0.417,"8%","1/12",0,"n/a","—"
904,"6kt0swj0",0.417,"8%","1/12",0,"n/a","—"
905,"2zkxfhuk",0.417,"8%","1/12",0,"n/a","—"
906,"ev2emarw",0.417,"8%","1/12",0,"n/a","—"
907,"fyzr3v1l",0.417,"8%","1/12",0,"n/a","—"
908,"1oczknlz",0.417,"8%","1/12",0,"n/a","—"
909,"12ks023y",0.417,"8%","1/12",0,"n/a","—"
910,"8sekm8yi",0.417,"8%","1/12",0,"n/a","—"
911,"bbrbjfcn",0.417,"8%","1/12",0,"n/a","—"
912,"dqjv01xv",0.417,"8%","1/12",0,"n/a","—"
913,"gozew42i",0.417,"8%","1/12",0,"n/a","—"
914,"0xv6j5o7",0.417,"8%","1/12",0,"n/a","—"
915,"a38rztpb",0.417,"8%","1/12",0,"n/a","—"
916,"lkc5u345",0.417,"8%","1/12",0,"n/a","—"
917,"mld2zd8o",0.417,"8%","1/12",0,"n/a","—"
918,"m3al4zt7",0.417,"8%","1/12",0,"n/a","—"
919,"8oujj4sv",0.417,"8%","1/12",0,"n/a","—"
920,"ou1a72kp",0.417,"8%","1/12",0,"n/a","—"
921,"e1tcd61s",0.417,"8%","1/12",0,"n/a","—"
922,"6ppl7loi",0.417,"8%","1/12",0,"n/a","—"
923,"fgg91hew",0.417,"8%","1/12",0,"n/a","—"
924,"lvuzsn0h",0.417,"8%","1/12",0,"n/a","—"
925,"s8s6ivi7",0.417,"8%","1/12",0,"n/a","—"
926,"fxj2ubb1",0.417,"8%","1/12",0,"n/a","—"
927,"ogxsqhee",0.417,"8%","1/12",0,"n/a","—"
928,"8wv3yiq0",0.417,"8%","1/12",0,"n/a","—"
929,"8i1qbx49",0.417,"8%","1/12",0,"n/a","—"
930,"zjwscx8l",0.417,"8%","1/12",0,"n/a","—"
931,"jgi5laaz",0.417,"8%","1/12",0,"n/a","—"
932,"e4ufg2q5",0.417,"8%","1/12",0,"n/a","—"
933,"i60u3zym",0.417,"8%","1/12",0,"n/a","—"
934,"1dfscdek",0.417,"8%","1/12",0,"n/a","—"
935,"759i7kck",0.417,"8%","1/12",0,"n/a","—"
936,"ujpjpxi8",0.417,"8%","1/12",0,"n/a","—"
937,"u34ttfcm",0.417,"8%","1/12",0,"n/a","—"
938,"l1thrzvt",0.417,"8%","1/12",0,"n/a","—"
939,"ro9o3i0e",0.417,"8%","1/12",0,"n/a","—"
940,"4mqaj9n1",0.417,"8%","1/12",0,"n/a","—"
941,"l40ka9fe",0.417,"8%","1/12",0,"n/a","—"
942,"woydupik",0.417,"8%","1/12",0,"n/a","—"
943,"sof0amee",0.417,"8%","1/12",0,"n/a","—"
944,"iw35img3",0.417,"8%","1/12",0,"n/a","—"
945,"8i2ovi72",0.417,"8%","1/12",0,"n/a","—"
946,"nktl5paj",0.417,"8%","1/12",0,"n/a","—"
947,"pqp4tbtw",0.417,"8%","1/12",0,"n/a","—"
948,"w9u023sy",0.417,"8%","1/12",0,"n/a","—"
949,"nxmfsj9p",0.417,"8%","1/12",0,"n/a","—"
950,"wsvj009y",0.417,"8%","1/12",0,"n/a","—"
951,"ggzc1hml",0.417,"8%","1/12",0,"n/a","—"
952,"j19q4gcf",0.417,"8%","1/12",0,"n/a","—"
953,"kvk5csdm",0.417,"8%","1/12",0,"n/a","—"
954,"b09d3xoe",0.417,"8%","1/12",0,"n/a","—"
955,"v406zpon",0.417,"8%","1/12",0,"n/a","—"
956,"tzuqz2iz",0.417,"8%","1/12",0,"n/a","—"
957,"t76up57a",0.417,"8%","1/12",0,"n/a","—"
958,"nzt2ksui",0.417,"8%","1/12",0,"n/a","—"
959,"veuq5dgf",0.417,"8%","1/12",0,"n/a","—"
960,"w3e2ywie",0.417,"8%","1/12",0,"n/a","—"
961,"70sh19im",0.417,"8%","1/12",0,"n/a","—"
962,"otv8iylj",0.417,"8%","1/12",0,"n/a","—"
963,"hpsqpelg",0.417,"8%","1/12",0,"n/a","—"
964,"ols235s4",0.417,"8%","1/12",0,"n/a","—"
965,"k4wfsw3x",0.417,"8%","1/12",0,"n/a","—"
966,"1mxy94qn",0.417,"8%","1/12",0,"n/a","—"
967,"9agfwrm5",0.417,"8%","1/12",0,"n/a","—"
968,"m0i6agcg",0.417,"8%","1/12",0,"n/a","—"
969,"5qsj39gy",0.417,"8%","1/12",0,"n/a","—"
970,"r4noo57s",0.417,"8%","1/12",0,"n/a","—"
971,"ey0nm3mc",0.417,"8%","1/12",0,"n/a","—"
972,"8b36gvns",0.417,"8%","1/12",0,"n/a","—"
973,"0wwcb6qa",0.417,"8%","1/12",0,"n/a","—"
974,"dcyd89kj",0.417,"8%","1/12",0,"n/a","—"
975,"o1si9qoq",0.417,"8%","1/12",0,"n/a","—"
976,"3h6pqbub",0.417,"8%","1/12",0,"n/a","—"
977,"bgpbc2pi",0.417,"8%","1/12",0,"n/a","—"
978,"1m9q1svp",0.417,"8%","1/12",0,"n/a","—"
979,"9g37l91s",0.417,"8%","1/12",0,"n/a","—"
980,"nk7u1zc8",0.417,"8%","1/12",0,"n/a","—"
981,"hdvny2ch",0.417,"8%","1/12",0,"n/a","—"
982,"gql74srz",0.417,"8%","1/12",0,"n/a","—"
983,"27dn5slm",0.417,"8%","1/12",0,"n/a","—"
984,"gdvh3jcn",0.417,"8%","1/12",0,"n/a","—"
985,"niqxpos6",0.417,"8%","1/12",0,"n/a","—"
986,"koyaw5zd",0.417,"8%","1/12",0,"n/a","—"
987,"euz5vmm9",0.417,"8%","1/12",0,"n/a","—"
988,"l7437rkz",0.417,"8%","1/12",0,"n/a","—"
989,"tf2vnvtz",0.417,"8%","1/12",0,"n/a","—"
990,"1ybf7ju8",0.417,"8%","1/12",0,"n/a","—"
991,"vvga0en1",0.417,"8%","1/12",0,"n/a","—"
992,"3rnhdzka",0.417,"8%","1/12",0,"n/a","—"
993,"kac0huvn",0.417,"8%","1/12",0,"n/a","—"
994,"h1vxe0x6",0.417,"8%","1/12",0,"n/a","—"
995,"lnvz9tjp",0.417,"8%","1/12",0,"n/a","—"
996,"zwdhjcri",0.417,"8%","1/12",0,"n/a","—"
997,"8ch4swbs",0.417,"8%","1/12",0,"n/a","—"
998,"66s6ad3y",0.417,"8%","1/12",0,"n/a","—"
999,"w60y8qhk",0.417,"8%","1/12",0,"n/a","—"
1000,"zn2xkogp",0.417,"8%","1/12",0,"n/a","—"